[
{
    "model": "sessions.session",
    "pk": "1q6rd4kvdmazhjnl2mn49yile1wgyc9n",
    "fields": {
        "session_data": ".eJxVjDsOwyAQRO9CHSGwFxa5TJ8zIHYNMfngyOAqyt1jS24sTTXvzXyFr7HWPBefS26-5XesLbw_XgzaduC6DkBL5QDBmYvwYW2TX2tcfB7FILQ4dRT4GcsOxkco91nyXNqSSe6KPGiVt3mMr-vhng6mUKdtzeAiMTprDEaniBX1CXribjRIDHYLakzOElsbEFlBn5KihBio1-L3BxB3Ro8:1lxaXZ:X5Ks2Og2dp9TO5TR9vfUsSJiDUALfozeSHu7vUH-S1g",
        "expire_date": "2021-07-11T19:34:01.272Z"
    }
},
{
    "model": "sessions.session",
    "pk": "dfw3xjrgz3qnfmf4vim8q60w0kwalvcu",
    "fields": {
        "session_data": ".eJxVjMEOwiAQBf-FsyHtAmXp0bvfQJYCFrVgCj0Z_12b9NLrm5n3YbaGWlPJNuXUbEtLqI2Wt2VjP4BEAEDDhdQKtLgwS1ub7VbDapNnIwN22hxNz5B34B-U74VPJbc1Ob4r_KCV34oPr-vhng5mqvO_HkynnYy6i-gdeKKIEYVRMUrhvZkMKaBeBQMgo3SEJIXsNHYOgwvKs-8PHAJGzw:1lxaV7:fjLjjNvkn41Y_tTkJZY6j_ZeBK6PWCMlsEZM8n0G7Zk",
        "expire_date": "2021-07-11T19:31:29.363Z"
    }
},
{
    "model": "category.category",
    "pk": 1,
    "fields": {
        "category_name": "Jeans",
        "slug": "jeans",
        "description": "Men Jeans",
        "cat_image": "photo/categoryimage/jeans_H8Y3E74.jpg"
    }
},
{
    "model": "category.category",
    "pk": 2,
    "fields": {
        "category_name": "Jackets",
        "slug": "jackets",
        "description": "Unisex Jackets",
        "cat_image": "photo/categoryimage/jackets_vBUyWyo.jpg"
    }
},
{
    "model": "category.category",
    "pk": 3,
    "fields": {
        "category_name": "Shirts",
        "slug": "shirts",
        "description": "Men Short Hand Dress",
        "cat_image": "photo/categoryimage/shirts_kPCCrJa.jpg"
    }
},
{
    "model": "category.category",
    "pk": 4,
    "fields": {
        "category_name": "Shoes",
        "slug": "shoes",
        "description": "Shoes",
        "cat_image": "photo/categoryimage/shoes_MJ3WttR.png"
    }
},
{
    "model": "category.category",
    "pk": 5,
    "fields": {
        "category_name": "T-Shirts",
        "slug": "t-shirts",
        "description": "T-Shirts",
        "cat_image": "photo/categoryimage/tshirts_qiXuvPp.jpg"
    }
},
{
    "model": "accounts.account",
    "fields": {
        "password": "pbkdf2_sha256$216000$OXEUwI2cx3nO$g1Y9Zrsg7XT2T053s5oDILKYMeE0vfVY4SPjiJhJF/Y=",
        "first_name": "Meshach",
        "last_name": "Akakah",
        "username": "Meshach",
        "email": "meshlrd14@gmail.com",
        "phone_number": "",
        "date_joined": "2021-06-27T17:50:09.784Z",
        "last_login": "2021-06-27T19:32:18.671Z",
        "is_admin": true,
        "is_staff": true,
        "is_active": true,
        "is_superadmin": true
    }
},
{
    "model": "accounts.account",
    "fields": {
        "password": "pbkdf2_sha256$216000$qdrtfQkuOfKD$Yj3jfbhDAFDcSFkfCXgnUvx7og9E5zmmQIIkPCh5r9Q=",
        "first_name": "Meshach",
        "last_name": "Akaka",
        "username": "meshlrd14",
        "email": "meshlrd14@outlook.com",
        "phone_number": "",
        "date_joined": "2021-06-27T18:59:48.498Z",
        "last_login": "2021-06-27T19:00:24.910Z",
        "is_admin": true,
        "is_staff": true,
        "is_active": true,
        "is_superadmin": true
    }
},
{
    "model": "store.product",
    "pk": 1,
    "fields": {
        "product_name": "ATX-Jeans",
        "slug": "atx-jeans",
        "description": "In publishing and graphic design, Lorem ipsum is a placeholder text commonly used to demonstrate the visual form of a document or a typeface without relying on meaningful content. Lorem ipsum may be used as a placeholder before final copy is available. It is also used to temporarily replace text in a process called greeking, which allows designers to consider the form of a webpage or publication, without the meaning of the text influencing the design.",
        "price": 8500,
        "images": "photos/productImage/ATX-Jeans_ldXYSNY.jpg",
        "stock": 10,
        "is_available": true,
        "category": 1,
        "created_date": "2021-06-27T19:10:14.780Z",
        "modified_date": "2021-06-27T19:33:54.896Z"
    }
},
{
    "model": "store.product",
    "pk": 2,
    "fields": {
        "product_name": "Blue-Shirt",
        "slug": "blue-shirt",
        "description": "In publishing and graphic design, Lorem ipsum is a placeholder text commonly used to demonstrate the visual form of a document or a typeface without relying on meaningful content. Lorem ipsum may be used as a placeholder before final copy is available. It is also used to temporarily replace text in a process called greeking, which allows designers to consider the form of a webpage or publication, without the meaning of the text influencing the design.",
        "price": 9000,
        "images": "photos/productImage/Blue-Shirt_MJCEda3.jpg",
        "stock": 10,
        "is_available": true,
        "category": 3,
        "created_date": "2021-06-27T19:11:35.851Z",
        "modified_date": "2021-06-27T19:11:35.851Z"
    }
},
{
    "model": "store.product",
    "pk": 3,
    "fields": {
        "product_name": "Great-Tshirt",
        "slug": "great-tshirt",
        "description": "In publishing and graphic design, Lorem ipsum is a placeholder text commonly used to demonstrate the visual form of a document or a typeface without relying on meaningful content. Lorem ipsum may be used as a placeholder before final copy is available. It is also used to temporarily replace text in a process called greeking, which allows designers to consider the form of a webpage or publication, without the meaning of the text influencing the design.",
        "price": 6000,
        "images": "photos/productImage/Great-Tshirt_OV6fuSi.jpg",
        "stock": 5,
        "is_available": true,
        "category": 5,
        "created_date": "2021-06-27T19:16:12.657Z",
        "modified_date": "2021-06-27T19:16:12.657Z"
    }
},
{
    "model": "store.product",
    "pk": 4,
    "fields": {
        "product_name": "Jordan-True-Flight-BasketBall-Shoe",
        "slug": "jordan-true-flight-basketball-shoe",
        "description": "In publishing and graphic design, Lorem ipsum is a placeholder text commonly used to demonstrate the visual form of a document or a typeface without relying on meaningful content. Lorem ipsum may be used as a placeholder before final copy is available. It is also used to temporarily replace text in a process called greeking, which allows designers to consider the form of a webpage or publication, without the meaning of the text influencing the design.",
        "price": 22000,
        "images": "photos/productImage/jordan-true-flight-basketball-shoes_vGftaUa.jpg",
        "stock": 3,
        "is_available": true,
        "category": 4,
        "created_date": "2021-06-27T19:18:01.489Z",
        "modified_date": "2021-06-27T19:18:01.489Z"
    }
},
{
    "model": "store.product",
    "pk": 5,
    "fields": {
        "product_name": "Mens-Black-Jacket",
        "slug": "mens-black-jacket",
        "description": "In publishing and graphic design, Lorem ipsum is a placeholder text commonly used to demonstrate the visual form of a document or a typeface without relying on meaningful content. Lorem ipsum may be used as a placeholder before final copy is available. It is also used to temporarily replace text in a process called greeking, which allows designers to consider the form of a webpage or publication, without the meaning of the text influencing the design.",
        "price": 12000,
        "images": "photos/productImage/mens-black-jacket_pDmA5Ru.jpg",
        "stock": 7,
        "is_available": true,
        "category": 2,
        "created_date": "2021-06-27T19:18:41.692Z",
        "modified_date": "2021-06-27T19:18:41.692Z"
    }
},
{
    "model": "store.product",
    "pk": 6,
    "fields": {
        "product_name": "Puma-Ferrari-Shoes",
        "slug": "puma-ferrari-shoes",
        "description": "In publishing and graphic design, Lorem ipsum is a placeholder text commonly used to demonstrate the visual form of a document or a typeface without relying on meaningful content. Lorem ipsum may be used as a placeholder before final copy is available. It is also used to temporarily replace text in a process called greeking, which allows designers to consider the form of a webpage or publication, without the meaning of the text influencing the design.",
        "price": 21500,
        "images": "photos/productImage/Puma-Ferrari-Shoes_XcT0FNS.jpg",
        "stock": 6,
        "is_available": true,
        "category": 4,
        "created_date": "2021-06-27T19:19:20.292Z",
        "modified_date": "2021-06-27T19:19:20.292Z"
    }
},
{
    "model": "store.product",
    "pk": 7,
    "fields": {
        "product_name": "US-Polo-Assn_Jacket",
        "slug": "us-polo-assn_jacket",
        "description": "In publishing and graphic design, Lorem ipsum is a placeholder text commonly used to demonstrate the visual form of a document or a typeface without relying on meaningful content. Lorem ipsum may be used as a placeholder before final copy is available. It is also used to temporarily replace text in a process called greeking, which allows designers to consider the form of a webpage or publication, without the meaning of the text influencing the design.",
        "price": 15500,
        "images": "photos/productImage/US-Polo-Assn_Jacket_IHtZRdM.jpg",
        "stock": 2,
        "is_available": true,
        "category": 2,
        "created_date": "2021-06-27T19:20:19.461Z",
        "modified_date": "2021-06-27T19:20:19.461Z"
    }
},
{
    "model": "store.product",
    "pk": 8,
    "fields": {
        "product_name": "Wrangler-Shirt",
        "slug": "wrangler-shirt",
        "description": "In publishing and graphic design, Lorem ipsum is a placeholder text commonly used to demonstrate the visual form of a document or a typeface without relying on meaningful content. Lorem ipsum may be used as a placeholder before final copy is available. It is also used to temporarily replace text in a process called greeking, which allows designers to consider the form of a webpage or publication, without the meaning of the text influencing the design.",
        "price": 14000,
        "images": "photos/productImage/Wrangler-Shirt_jIgRv6t.jpg",
        "stock": 0,
        "is_available": true,
        "category": 3,
        "created_date": "2021-06-27T19:21:00.741Z",
        "modified_date": "2021-06-27T19:21:00.741Z"
    }
},
{
    "model": "store.variation",
    "pk": 1,
    "fields": {
        "product": 1,
        "variation_category": "color",
        "variation_value": "Blue",
        "is_active": true,
        "created_date": "2021-06-27T19:23:00.332Z"
    }
},
{
    "model": "store.variation",
    "pk": 2,
    "fields": {
        "product": 1,
        "variation_category": "color",
        "variation_value": "Black",
        "is_active": true,
        "created_date": "2021-06-27T19:23:13.010Z"
    }
},
{
    "model": "store.variation",
    "pk": 3,
    "fields": {
        "product": 1,
        "variation_category": "color",
        "variation_value": "Sky-Blue",
        "is_active": true,
        "created_date": "2021-06-27T19:23:43.272Z"
    }
},
{
    "model": "store.variation",
    "pk": 4,
    "fields": {
        "product": 1,
        "variation_category": "color",
        "variation_value": "White",
        "is_active": true,
        "created_date": "2021-06-27T19:23:58.886Z"
    }
},
{
    "model": "store.variation",
    "pk": 5,
    "fields": {
        "product": 1,
        "variation_category": "size",
        "variation_value": "S",
        "is_active": true,
        "created_date": "2021-06-27T19:24:06.983Z"
    }
},
{
    "model": "store.variation",
    "pk": 6,
    "fields": {
        "product": 1,
        "variation_category": "size",
        "variation_value": "M",
        "is_active": true,
        "created_date": "2021-06-27T19:24:16.013Z"
    }
},
{
    "model": "store.variation",
    "pk": 7,
    "fields": {
        "product": 1,
        "variation_category": "size",
        "variation_value": "L",
        "is_active": true,
        "created_date": "2021-06-27T19:24:25.846Z"
    }
},
{
    "model": "store.variation",
    "pk": 8,
    "fields": {
        "product": 1,
        "variation_category": "size",
        "variation_value": "XL",
        "is_active": true,
        "created_date": "2021-06-27T19:24:37.380Z"
    }
},
{
    "model": "store.variation",
    "pk": 9,
    "fields": {
        "product": 2,
        "variation_category": "color",
        "variation_value": "Blue",
        "is_active": true,
        "created_date": "2021-06-27T19:24:47.039Z"
    }
},
{
    "model": "store.variation",
    "pk": 10,
    "fields": {
        "product": 2,
        "variation_category": "color",
        "variation_value": "Green",
        "is_active": true,
        "created_date": "2021-06-27T19:24:56.652Z"
    }
},
{
    "model": "store.variation",
    "pk": 11,
    "fields": {
        "product": 2,
        "variation_category": "color",
        "variation_value": "White",
        "is_active": true,
        "created_date": "2021-06-27T19:25:20.238Z"
    }
},
{
    "model": "store.variation",
    "pk": 12,
    "fields": {
        "product": 2,
        "variation_category": "size",
        "variation_value": "S",
        "is_active": true,
        "created_date": "2021-06-27T19:25:30.287Z"
    }
},
{
    "model": "store.variation",
    "pk": 13,
    "fields": {
        "product": 2,
        "variation_category": "size",
        "variation_value": "XL",
        "is_active": true,
        "created_date": "2021-06-27T19:25:42.298Z"
    }
},
{
    "model": "store.variation",
    "pk": 14,
    "fields": {
        "product": 3,
        "variation_category": "color",
        "variation_value": "Brown",
        "is_active": true,
        "created_date": "2021-06-27T19:25:57.824Z"
    }
},
{
    "model": "store.variation",
    "pk": 15,
    "fields": {
        "product": 3,
        "variation_category": "color",
        "variation_value": "Blue",
        "is_active": true,
        "created_date": "2021-06-27T19:26:09.257Z"
    }
},
{
    "model": "store.variation",
    "pk": 16,
    "fields": {
        "product": 3,
        "variation_category": "size",
        "variation_value": "S",
        "is_active": true,
        "created_date": "2021-06-27T19:26:17.674Z"
    }
},
{
    "model": "store.variation",
    "pk": 17,
    "fields": {
        "product": 3,
        "variation_category": "size",
        "variation_value": "M",
        "is_active": true,
        "created_date": "2021-06-27T19:26:31.611Z"
    }
},
{
    "model": "store.variation",
    "pk": 18,
    "fields": {
        "product": 3,
        "variation_category": "size",
        "variation_value": "L",
        "is_active": true,
        "created_date": "2021-06-27T19:26:41.389Z"
    }
},
{
    "model": "store.variation",
    "pk": 19,
    "fields": {
        "product": 4,
        "variation_category": "color",
        "variation_value": "Black",
        "is_active": true,
        "created_date": "2021-06-27T19:26:52.949Z"
    }
},
{
    "model": "store.variation",
    "pk": 20,
    "fields": {
        "product": 4,
        "variation_category": "color",
        "variation_value": "White",
        "is_active": true,
        "created_date": "2021-06-27T19:27:03.364Z"
    }
},
{
    "model": "store.variation",
    "pk": 21,
    "fields": {
        "product": 4,
        "variation_category": "color",
        "variation_value": "Brown",
        "is_active": true,
        "created_date": "2021-06-27T19:27:16.854Z"
    }
},
{
    "model": "store.variation",
    "pk": 22,
    "fields": {
        "product": 4,
        "variation_category": "size",
        "variation_value": "41",
        "is_active": true,
        "created_date": "2021-06-27T19:27:28.127Z"
    }
},
{
    "model": "store.variation",
    "pk": 23,
    "fields": {
        "product": 4,
        "variation_category": "size",
        "variation_value": "39",
        "is_active": true,
        "created_date": "2021-06-27T19:27:37.682Z"
    }
},
{
    "model": "store.variation",
    "pk": 24,
    "fields": {
        "product": 4,
        "variation_category": "size",
        "variation_value": "44",
        "is_active": true,
        "created_date": "2021-06-27T19:27:46.576Z"
    }
},
{
    "model": "store.variation",
    "pk": 25,
    "fields": {
        "product": 4,
        "variation_category": "size",
        "variation_value": "47",
        "is_active": true,
        "created_date": "2021-06-27T19:27:56.284Z"
    }
},
{
    "model": "store.variation",
    "pk": 26,
    "fields": {
        "product": 5,
        "variation_category": "color",
        "variation_value": "Black",
        "is_active": true,
        "created_date": "2021-06-27T19:28:08.537Z"
    }
},
{
    "model": "store.variation",
    "pk": 27,
    "fields": {
        "product": 5,
        "variation_category": "color",
        "variation_value": "White",
        "is_active": true,
        "created_date": "2021-06-27T19:28:26.977Z"
    }
},
{
    "model": "store.variation",
    "pk": 28,
    "fields": {
        "product": 5,
        "variation_category": "size",
        "variation_value": "M",
        "is_active": true,
        "created_date": "2021-06-27T19:28:36.221Z"
    }
},
{
    "model": "store.variation",
    "pk": 29,
    "fields": {
        "product": 5,
        "variation_category": "size",
        "variation_value": "L",
        "is_active": true,
        "created_date": "2021-06-27T19:28:52.066Z"
    }
},
{
    "model": "store.variation",
    "pk": 30,
    "fields": {
        "product": 6,
        "variation_category": "color",
        "variation_value": "Black",
        "is_active": true,
        "created_date": "2021-06-27T19:29:04.597Z"
    }
},
{
    "model": "store.variation",
    "pk": 31,
    "fields": {
        "product": 6,
        "variation_category": "size",
        "variation_value": "42",
        "is_active": true,
        "created_date": "2021-06-27T19:29:24.653Z"
    }
},
{
    "model": "store.variation",
    "pk": 32,
    "fields": {
        "product": 6,
        "variation_category": "size",
        "variation_value": "43",
        "is_active": true,
        "created_date": "2021-06-27T19:29:34.270Z"
    }
},
{
    "model": "store.variation",
    "pk": 33,
    "fields": {
        "product": 6,
        "variation_category": "size",
        "variation_value": "45",
        "is_active": true,
        "created_date": "2021-06-27T19:29:44.230Z"
    }
},
{
    "model": "store.variation",
    "pk": 34,
    "fields": {
        "product": 7,
        "variation_category": "color",
        "variation_value": "Black",
        "is_active": true,
        "created_date": "2021-06-27T19:29:59.671Z"
    }
},
{
    "model": "store.variation",
    "pk": 35,
    "fields": {
        "product": 7,
        "variation_category": "color",
        "variation_value": "Brown",
        "is_active": true,
        "created_date": "2021-06-27T19:30:10.697Z"
    }
},
{
    "model": "store.variation",
    "pk": 36,
    "fields": {
        "product": 7,
        "variation_category": "size",
        "variation_value": "S",
        "is_active": true,
        "created_date": "2021-06-27T19:30:21.493Z"
    }
},
{
    "model": "store.variation",
    "pk": 37,
    "fields": {
        "product": 7,
        "variation_category": "size",
        "variation_value": "M",
        "is_active": true,
        "created_date": "2021-06-27T19:30:32.001Z"
    }
},
{
    "model": "store.variation",
    "pk": 38,
    "fields": {
        "product": 7,
        "variation_category": "size",
        "variation_value": "XL",
        "is_active": true,
        "created_date": "2021-06-27T19:30:41.683Z"
    }
},
{
    "model": "store.variation",
    "pk": 39,
    "fields": {
        "product": 8,
        "variation_category": "color",
        "variation_value": "Blue",
        "is_active": true,
        "created_date": "2021-06-27T19:30:51.748Z"
    }
},
{
    "model": "store.variation",
    "pk": 40,
    "fields": {
        "product": 8,
        "variation_category": "color",
        "variation_value": "Black",
        "is_active": true,
        "created_date": "2021-06-27T19:31:06.844Z"
    }
},
{
    "model": "store.variation",
    "pk": 41,
    "fields": {
        "product": 8,
        "variation_category": "size",
        "variation_value": "M",
        "is_active": true,
        "created_date": "2021-06-27T19:31:15.959Z"
    }
},
{
    "model": "store.variation",
    "pk": 42,
    "fields": {
        "product": 8,
        "variation_category": "size",
        "variation_value": "L",
        "is_active": true,
        "created_date": "2021-06-27T19:31:28.047Z"
    }
},
{
    "model": "store.productgallery",
    "pk": 1,
    "fields": {
        "product": 1,
        "image": "store/products/image1_n0N0yFf.jpg"
    }
},
{
    "model": "store.productgallery",
    "pk": 2,
    "fields": {
        "product": 1,
        "image": "store/products/image2_9L6PEaJ.jpg"
    }
},
{
    "model": "carts.cart",
    "pk": 1,
    "fields": {
        "cart_id": "4pe10zdhpurj4er9t2ykx272u8vp5q8w",
        "date_added": "2021-06-27T19:31:52.503Z"
    }
},
{
    "model": "orders.payment",
    "pk": 1,
    "fields": {
        "user": [
            "meshlrd14@gmail.com"
        ],
        "payment_id": "31A83434TY7037714",
        "payment_method": "PayPal",
        "amount_paid": "17340.0",
        "status": "COMPLETED",
        "created_at": "2021-06-27T19:33:54.708Z"
    }
},
{
    "model": "orders.order",
    "pk": 1,
    "fields": {
        "user": [
            "meshlrd14@gmail.com"
        ],
        "payment": 1,
        "order_number": "202106271",
        "first_name": "Pagante",
        "last_name": "Akaka",
        "phone": "08130772189",
        "email": "meshlrd14@gmail.com",
        "address_line_1": "4 Samella Str, Muwo Town",
        "address_line_2": "",
        "country": "Nigeria",
        "city": "Tedi Village",
        "state": "Lagos",
        "order_note": "Test",
        "order_total": 17340.0,
        "tax": 340.0,
        "status": "New",
        "ip": "127.0.0.1",
        "is_ordered": true,
        "created_at": "2021-06-27T19:32:55.105Z",
        "updated_at": "2021-06-27T19:33:54.708Z"
    }
},
{
    "model": "orders.orderproduct",
    "pk": 1,
    "fields": {
        "order": 1,
        "payment": 1,
        "user": [
            "meshlrd14@gmail.com"
        ],
        "product": 1,
        "quantity": 2,
        "product_price": 8500.0,
        "ordered": true,
        "ordered_at": "2021-06-27T19:33:54.755Z",
        "updated_at": "2021-06-27T19:33:54.896Z",
        "variations": [
            4,
            8
        ]
    }
},
{
    "model": "admin.logentry",
    "pk": 1,
    "fields": {
        "action_time": "2021-06-27T19:01:39.157Z",
        "user": [
            "meshlrd14@outlook.com"
        ],
        "content_type": [
            "accounts",
            "account"
        ],
        "object_id": "1",
        "object_repr": "meshlrd14@gmail.com",
        "action_flag": 2,
        "change_message": "[{\"changed\": {\"fields\": [\"password\"]}}]"
    }
},
{
    "model": "admin.logentry",
    "pk": 2,
    "fields": {
        "action_time": "2021-06-27T19:06:37.800Z",
        "user": [
            "meshlrd14@outlook.com"
        ],
        "content_type": [
            "category",
            "category"
        ],
        "object_id": "1",
        "object_repr": "Jeans",
        "action_flag": 1,
        "change_message": "[{\"added\": {}}]"
    }
},
{
    "model": "admin.logentry",
    "pk": 3,
    "fields": {
        "action_time": "2021-06-27T19:07:03.717Z",
        "user": [
            "meshlrd14@outlook.com"
        ],
        "content_type": [
            "category",
            "category"
        ],
        "object_id": "2",
        "object_repr": "Jackets",
        "action_flag": 1,
        "change_message": "[{\"added\": {}}]"
    }
},
{
    "model": "admin.logentry",
    "pk": 4,
    "fields": {
        "action_time": "2021-06-27T19:07:50.855Z",
        "user": [
            "meshlrd14@outlook.com"
        ],
        "content_type": [
            "category",
            "category"
        ],
        "object_id": "3",
        "object_repr": "Shirts",
        "action_flag": 1,
        "change_message": "[{\"added\": {}}]"
    }
},
{
    "model": "admin.logentry",
    "pk": 5,
    "fields": {
        "action_time": "2021-06-27T19:08:10.102Z",
        "user": [
            "meshlrd14@outlook.com"
        ],
        "content_type": [
            "category",
            "category"
        ],
        "object_id": "4",
        "object_repr": "Shoes",
        "action_flag": 1,
        "change_message": "[{\"added\": {}}]"
    }
},
{
    "model": "admin.logentry",
    "pk": 6,
    "fields": {
        "action_time": "2021-06-27T19:08:32.620Z",
        "user": [
            "meshlrd14@outlook.com"
        ],
        "content_type": [
            "category",
            "category"
        ],
        "object_id": "5",
        "object_repr": "T-Shirts",
        "action_flag": 1,
        "change_message": "[{\"added\": {}}]"
    }
},
{
    "model": "admin.logentry",
    "pk": 7,
    "fields": {
        "action_time": "2021-06-27T19:10:14.843Z",
        "user": [
            "meshlrd14@outlook.com"
        ],
        "content_type": [
            "store",
            "product"
        ],
        "object_id": "1",
        "object_repr": "ATX-Jeans",
        "action_flag": 1,
        "change_message": "[{\"added\": {}}, {\"added\": {\"name\": \"productgallery\", \"object\": \"ATX-Jeans\"}}, {\"added\": {\"name\": \"productgallery\", \"object\": \"ATX-Jeans\"}}]"
    }
},
{
    "model": "admin.logentry",
    "pk": 8,
    "fields": {
        "action_time": "2021-06-27T19:11:35.855Z",
        "user": [
            "meshlrd14@outlook.com"
        ],
        "content_type": [
            "store",
            "product"
        ],
        "object_id": "2",
        "object_repr": "Blue-Shirt",
        "action_flag": 1,
        "change_message": "[{\"added\": {}}]"
    }
},
{
    "model": "admin.logentry",
    "pk": 9,
    "fields": {
        "action_time": "2021-06-27T19:16:12.732Z",
        "user": [
            "meshlrd14@outlook.com"
        ],
        "content_type": [
            "store",
            "product"
        ],
        "object_id": "3",
        "object_repr": "Great-Tshirt",
        "action_flag": 1,
        "change_message": "[{\"added\": {}}]"
    }
},
{
    "model": "admin.logentry",
    "pk": 10,
    "fields": {
        "action_time": "2021-06-27T19:18:01.492Z",
        "user": [
            "meshlrd14@outlook.com"
        ],
        "content_type": [
            "store",
            "product"
        ],
        "object_id": "4",
        "object_repr": "Jordan-True-Flight-BasketBall-Shoe",
        "action_flag": 1,
        "change_message": "[{\"added\": {}}]"
    }
},
{
    "model": "admin.logentry",
    "pk": 11,
    "fields": {
        "action_time": "2021-06-27T19:18:41.723Z",
        "user": [
            "meshlrd14@outlook.com"
        ],
        "content_type": [
            "store",
            "product"
        ],
        "object_id": "5",
        "object_repr": "Mens-Black-Jacket",
        "action_flag": 1,
        "change_message": "[{\"added\": {}}]"
    }
},
{
    "model": "admin.logentry",
    "pk": 12,
    "fields": {
        "action_time": "2021-06-27T19:19:20.295Z",
        "user": [
            "meshlrd14@outlook.com"
        ],
        "content_type": [
            "store",
            "product"
        ],
        "object_id": "6",
        "object_repr": "Puma-Ferrari-Shoes",
        "action_flag": 1,
        "change_message": "[{\"added\": {}}]"
    }
},
{
    "model": "admin.logentry",
    "pk": 13,
    "fields": {
        "action_time": "2021-06-27T19:20:19.465Z",
        "user": [
            "meshlrd14@outlook.com"
        ],
        "content_type": [
            "store",
            "product"
        ],
        "object_id": "7",
        "object_repr": "US-Polo-Assn_Jacket",
        "action_flag": 1,
        "change_message": "[{\"added\": {}}]"
    }
},
{
    "model": "admin.logentry",
    "pk": 14,
    "fields": {
        "action_time": "2021-06-27T19:21:00.744Z",
        "user": [
            "meshlrd14@outlook.com"
        ],
        "content_type": [
            "store",
            "product"
        ],
        "object_id": "8",
        "object_repr": "Wrangler-Shirt",
        "action_flag": 1,
        "change_message": "[{\"added\": {}}]"
    }
},
{
    "model": "admin.logentry",
    "pk": 15,
    "fields": {
        "action_time": "2021-06-27T19:23:00.337Z",
        "user": [
            "meshlrd14@outlook.com"
        ],
        "content_type": [
            "store",
            "variation"
        ],
        "object_id": "1",
        "object_repr": "Blue",
        "action_flag": 1,
        "change_message": "[{\"added\": {}}]"
    }
},
{
    "model": "admin.logentry",
    "pk": 16,
    "fields": {
        "action_time": "2021-06-27T19:23:13.015Z",
        "user": [
            "meshlrd14@outlook.com"
        ],
        "content_type": [
            "store",
            "variation"
        ],
        "object_id": "2",
        "object_repr": "Black",
        "action_flag": 1,
        "change_message": "[{\"added\": {}}]"
    }
},
{
    "model": "admin.logentry",
    "pk": 17,
    "fields": {
        "action_time": "2021-06-27T19:23:43.275Z",
        "user": [
            "meshlrd14@outlook.com"
        ],
        "content_type": [
            "store",
            "variation"
        ],
        "object_id": "3",
        "object_repr": "Sky-Blue",
        "action_flag": 1,
        "change_message": "[{\"added\": {}}]"
    }
},
{
    "model": "admin.logentry",
    "pk": 18,
    "fields": {
        "action_time": "2021-06-27T19:23:58.890Z",
        "user": [
            "meshlrd14@outlook.com"
        ],
        "content_type": [
            "store",
            "variation"
        ],
        "object_id": "4",
        "object_repr": "White",
        "action_flag": 1,
        "change_message": "[{\"added\": {}}]"
    }
},
{
    "model": "admin.logentry",
    "pk": 19,
    "fields": {
        "action_time": "2021-06-27T19:24:06.988Z",
        "user": [
            "meshlrd14@outlook.com"
        ],
        "content_type": [
            "store",
            "variation"
        ],
        "object_id": "5",
        "object_repr": "S",
        "action_flag": 1,
        "change_message": "[{\"added\": {}}]"
    }
},
{
    "model": "admin.logentry",
    "pk": 20,
    "fields": {
        "action_time": "2021-06-27T19:24:16.016Z",
        "user": [
            "meshlrd14@outlook.com"
        ],
        "content_type": [
            "store",
            "variation"
        ],
        "object_id": "6",
        "object_repr": "M",
        "action_flag": 1,
        "change_message": "[{\"added\": {}}]"
    }
},
{
    "model": "admin.logentry",
    "pk": 21,
    "fields": {
        "action_time": "2021-06-27T19:24:25.849Z",
        "user": [
            "meshlrd14@outlook.com"
        ],
        "content_type": [
            "store",
            "variation"
        ],
        "object_id": "7",
        "object_repr": "L",
        "action_flag": 1,
        "change_message": "[{\"added\": {}}]"
    }
},
{
    "model": "admin.logentry",
    "pk": 22,
    "fields": {
        "action_time": "2021-06-27T19:24:37.383Z",
        "user": [
            "meshlrd14@outlook.com"
        ],
        "content_type": [
            "store",
            "variation"
        ],
        "object_id": "8",
        "object_repr": "XL",
        "action_flag": 1,
        "change_message": "[{\"added\": {}}]"
    }
},
{
    "model": "admin.logentry",
    "pk": 23,
    "fields": {
        "action_time": "2021-06-27T19:24:47.061Z",
        "user": [
            "meshlrd14@outlook.com"
        ],
        "content_type": [
            "store",
            "variation"
        ],
        "object_id": "9",
        "object_repr": "Blue",
        "action_flag": 1,
        "change_message": "[{\"added\": {}}]"
    }
},
{
    "model": "admin.logentry",
    "pk": 24,
    "fields": {
        "action_time": "2021-06-27T19:24:56.655Z",
        "user": [
            "meshlrd14@outlook.com"
        ],
        "content_type": [
            "store",
            "variation"
        ],
        "object_id": "10",
        "object_repr": "Green",
        "action_flag": 1,
        "change_message": "[{\"added\": {}}]"
    }
},
{
    "model": "admin.logentry",
    "pk": 25,
    "fields": {
        "action_time": "2021-06-27T19:25:20.241Z",
        "user": [
            "meshlrd14@outlook.com"
        ],
        "content_type": [
            "store",
            "variation"
        ],
        "object_id": "11",
        "object_repr": "White",
        "action_flag": 1,
        "change_message": "[{\"added\": {}}]"
    }
},
{
    "model": "admin.logentry",
    "pk": 26,
    "fields": {
        "action_time": "2021-06-27T19:25:30.290Z",
        "user": [
            "meshlrd14@outlook.com"
        ],
        "content_type": [
            "store",
            "variation"
        ],
        "object_id": "12",
        "object_repr": "S",
        "action_flag": 1,
        "change_message": "[{\"added\": {}}]"
    }
},
{
    "model": "admin.logentry",
    "pk": 27,
    "fields": {
        "action_time": "2021-06-27T19:25:42.301Z",
        "user": [
            "meshlrd14@outlook.com"
        ],
        "content_type": [
            "store",
            "variation"
        ],
        "object_id": "13",
        "object_repr": "XL",
        "action_flag": 1,
        "change_message": "[{\"added\": {}}]"
    }
},
{
    "model": "admin.logentry",
    "pk": 28,
    "fields": {
        "action_time": "2021-06-27T19:25:57.829Z",
        "user": [
            "meshlrd14@outlook.com"
        ],
        "content_type": [
            "store",
            "variation"
        ],
        "object_id": "14",
        "object_repr": "Brown",
        "action_flag": 1,
        "change_message": "[{\"added\": {}}]"
    }
},
{
    "model": "admin.logentry",
    "pk": 29,
    "fields": {
        "action_time": "2021-06-27T19:26:09.264Z",
        "user": [
            "meshlrd14@outlook.com"
        ],
        "content_type": [
            "store",
            "variation"
        ],
        "object_id": "15",
        "object_repr": "Blue",
        "action_flag": 1,
        "change_message": "[{\"added\": {}}]"
    }
},
{
    "model": "admin.logentry",
    "pk": 30,
    "fields": {
        "action_time": "2021-06-27T19:26:17.680Z",
        "user": [
            "meshlrd14@outlook.com"
        ],
        "content_type": [
            "store",
            "variation"
        ],
        "object_id": "16",
        "object_repr": "S",
        "action_flag": 1,
        "change_message": "[{\"added\": {}}]"
    }
},
{
    "model": "admin.logentry",
    "pk": 31,
    "fields": {
        "action_time": "2021-06-27T19:26:31.615Z",
        "user": [
            "meshlrd14@outlook.com"
        ],
        "content_type": [
            "store",
            "variation"
        ],
        "object_id": "17",
        "object_repr": "M",
        "action_flag": 1,
        "change_message": "[{\"added\": {}}]"
    }
},
{
    "model": "admin.logentry",
    "pk": 32,
    "fields": {
        "action_time": "2021-06-27T19:26:41.395Z",
        "user": [
            "meshlrd14@outlook.com"
        ],
        "content_type": [
            "store",
            "variation"
        ],
        "object_id": "18",
        "object_repr": "L",
        "action_flag": 1,
        "change_message": "[{\"added\": {}}]"
    }
},
{
    "model": "admin.logentry",
    "pk": 33,
    "fields": {
        "action_time": "2021-06-27T19:26:52.952Z",
        "user": [
            "meshlrd14@outlook.com"
        ],
        "content_type": [
            "store",
            "variation"
        ],
        "object_id": "19",
        "object_repr": "Black",
        "action_flag": 1,
        "change_message": "[{\"added\": {}}]"
    }
},
{
    "model": "admin.logentry",
    "pk": 34,
    "fields": {
        "action_time": "2021-06-27T19:27:03.367Z",
        "user": [
            "meshlrd14@outlook.com"
        ],
        "content_type": [
            "store",
            "variation"
        ],
        "object_id": "20",
        "object_repr": "White",
        "action_flag": 1,
        "change_message": "[{\"added\": {}}]"
    }
},
{
    "model": "admin.logentry",
    "pk": 35,
    "fields": {
        "action_time": "2021-06-27T19:27:16.857Z",
        "user": [
            "meshlrd14@outlook.com"
        ],
        "content_type": [
            "store",
            "variation"
        ],
        "object_id": "21",
        "object_repr": "Brown",
        "action_flag": 1,
        "change_message": "[{\"added\": {}}]"
    }
},
{
    "model": "admin.logentry",
    "pk": 36,
    "fields": {
        "action_time": "2021-06-27T19:27:28.130Z",
        "user": [
            "meshlrd14@outlook.com"
        ],
        "content_type": [
            "store",
            "variation"
        ],
        "object_id": "22",
        "object_repr": "41",
        "action_flag": 1,
        "change_message": "[{\"added\": {}}]"
    }
},
{
    "model": "admin.logentry",
    "pk": 37,
    "fields": {
        "action_time": "2021-06-27T19:27:37.686Z",
        "user": [
            "meshlrd14@outlook.com"
        ],
        "content_type": [
            "store",
            "variation"
        ],
        "object_id": "23",
        "object_repr": "39",
        "action_flag": 1,
        "change_message": "[{\"added\": {}}]"
    }
},
{
    "model": "admin.logentry",
    "pk": 38,
    "fields": {
        "action_time": "2021-06-27T19:27:46.579Z",
        "user": [
            "meshlrd14@outlook.com"
        ],
        "content_type": [
            "store",
            "variation"
        ],
        "object_id": "24",
        "object_repr": "44",
        "action_flag": 1,
        "change_message": "[{\"added\": {}}]"
    }
},
{
    "model": "admin.logentry",
    "pk": 39,
    "fields": {
        "action_time": "2021-06-27T19:27:56.287Z",
        "user": [
            "meshlrd14@outlook.com"
        ],
        "content_type": [
            "store",
            "variation"
        ],
        "object_id": "25",
        "object_repr": "47",
        "action_flag": 1,
        "change_message": "[{\"added\": {}}]"
    }
},
{
    "model": "admin.logentry",
    "pk": 40,
    "fields": {
        "action_time": "2021-06-27T19:28:08.540Z",
        "user": [
            "meshlrd14@outlook.com"
        ],
        "content_type": [
            "store",
            "variation"
        ],
        "object_id": "26",
        "object_repr": "Black",
        "action_flag": 1,
        "change_message": "[{\"added\": {}}]"
    }
},
{
    "model": "admin.logentry",
    "pk": 41,
    "fields": {
        "action_time": "2021-06-27T19:28:26.980Z",
        "user": [
            "meshlrd14@outlook.com"
        ],
        "content_type": [
            "store",
            "variation"
        ],
        "object_id": "27",
        "object_repr": "White",
        "action_flag": 1,
        "change_message": "[{\"added\": {}}]"
    }
},
{
    "model": "admin.logentry",
    "pk": 42,
    "fields": {
        "action_time": "2021-06-27T19:28:36.226Z",
        "user": [
            "meshlrd14@outlook.com"
        ],
        "content_type": [
            "store",
            "variation"
        ],
        "object_id": "28",
        "object_repr": "M",
        "action_flag": 1,
        "change_message": "[{\"added\": {}}]"
    }
},
{
    "model": "admin.logentry",
    "pk": 43,
    "fields": {
        "action_time": "2021-06-27T19:28:52.070Z",
        "user": [
            "meshlrd14@outlook.com"
        ],
        "content_type": [
            "store",
            "variation"
        ],
        "object_id": "29",
        "object_repr": "L",
        "action_flag": 1,
        "change_message": "[{\"added\": {}}]"
    }
},
{
    "model": "admin.logentry",
    "pk": 44,
    "fields": {
        "action_time": "2021-06-27T19:29:04.600Z",
        "user": [
            "meshlrd14@outlook.com"
        ],
        "content_type": [
            "store",
            "variation"
        ],
        "object_id": "30",
        "object_repr": "Black",
        "action_flag": 1,
        "change_message": "[{\"added\": {}}]"
    }
},
{
    "model": "admin.logentry",
    "pk": 45,
    "fields": {
        "action_time": "2021-06-27T19:29:24.657Z",
        "user": [
            "meshlrd14@outlook.com"
        ],
        "content_type": [
            "store",
            "variation"
        ],
        "object_id": "31",
        "object_repr": "42",
        "action_flag": 1,
        "change_message": "[{\"added\": {}}]"
    }
},
{
    "model": "admin.logentry",
    "pk": 46,
    "fields": {
        "action_time": "2021-06-27T19:29:34.274Z",
        "user": [
            "meshlrd14@outlook.com"
        ],
        "content_type": [
            "store",
            "variation"
        ],
        "object_id": "32",
        "object_repr": "43",
        "action_flag": 1,
        "change_message": "[{\"added\": {}}]"
    }
},
{
    "model": "admin.logentry",
    "pk": 47,
    "fields": {
        "action_time": "2021-06-27T19:29:44.234Z",
        "user": [
            "meshlrd14@outlook.com"
        ],
        "content_type": [
            "store",
            "variation"
        ],
        "object_id": "33",
        "object_repr": "45",
        "action_flag": 1,
        "change_message": "[{\"added\": {}}]"
    }
},
{
    "model": "admin.logentry",
    "pk": 48,
    "fields": {
        "action_time": "2021-06-27T19:29:59.675Z",
        "user": [
            "meshlrd14@outlook.com"
        ],
        "content_type": [
            "store",
            "variation"
        ],
        "object_id": "34",
        "object_repr": "Black",
        "action_flag": 1,
        "change_message": "[{\"added\": {}}]"
    }
},
{
    "model": "admin.logentry",
    "pk": 49,
    "fields": {
        "action_time": "2021-06-27T19:30:10.700Z",
        "user": [
            "meshlrd14@outlook.com"
        ],
        "content_type": [
            "store",
            "variation"
        ],
        "object_id": "35",
        "object_repr": "Brown",
        "action_flag": 1,
        "change_message": "[{\"added\": {}}]"
    }
},
{
    "model": "admin.logentry",
    "pk": 50,
    "fields": {
        "action_time": "2021-06-27T19:30:21.496Z",
        "user": [
            "meshlrd14@outlook.com"
        ],
        "content_type": [
            "store",
            "variation"
        ],
        "object_id": "36",
        "object_repr": "S",
        "action_flag": 1,
        "change_message": "[{\"added\": {}}]"
    }
},
{
    "model": "admin.logentry",
    "pk": 51,
    "fields": {
        "action_time": "2021-06-27T19:30:32.004Z",
        "user": [
            "meshlrd14@outlook.com"
        ],
        "content_type": [
            "store",
            "variation"
        ],
        "object_id": "37",
        "object_repr": "M",
        "action_flag": 1,
        "change_message": "[{\"added\": {}}]"
    }
},
{
    "model": "admin.logentry",
    "pk": 52,
    "fields": {
        "action_time": "2021-06-27T19:30:41.686Z",
        "user": [
            "meshlrd14@outlook.com"
        ],
        "content_type": [
            "store",
            "variation"
        ],
        "object_id": "38",
        "object_repr": "XL",
        "action_flag": 1,
        "change_message": "[{\"added\": {}}]"
    }
},
{
    "model": "admin.logentry",
    "pk": 53,
    "fields": {
        "action_time": "2021-06-27T19:30:51.751Z",
        "user": [
            "meshlrd14@outlook.com"
        ],
        "content_type": [
            "store",
            "variation"
        ],
        "object_id": "39",
        "object_repr": "Blue",
        "action_flag": 1,
        "change_message": "[{\"added\": {}}]"
    }
},
{
    "model": "admin.logentry",
    "pk": 54,
    "fields": {
        "action_time": "2021-06-27T19:31:06.847Z",
        "user": [
            "meshlrd14@outlook.com"
        ],
        "content_type": [
            "store",
            "variation"
        ],
        "object_id": "40",
        "object_repr": "Black",
        "action_flag": 1,
        "change_message": "[{\"added\": {}}]"
    }
},
{
    "model": "admin.logentry",
    "pk": 55,
    "fields": {
        "action_time": "2021-06-27T19:31:15.964Z",
        "user": [
            "meshlrd14@outlook.com"
        ],
        "content_type": [
            "store",
            "variation"
        ],
        "object_id": "41",
        "object_repr": "M",
        "action_flag": 1,
        "change_message": "[{\"added\": {}}]"
    }
},
{
    "model": "admin.logentry",
    "pk": 56,
    "fields": {
        "action_time": "2021-06-27T19:31:28.050Z",
        "user": [
            "meshlrd14@outlook.com"
        ],
        "content_type": [
            "store",
            "variation"
        ],
        "object_id": "42",
        "object_repr": "L",
        "action_flag": 1,
        "change_message": "[{\"added\": {}}]"
    }
}
]
